{
    "loss": 37.78118896484375,
    "accuracy": 0.4313725531101227
}