{
    "loss": 0.17379678785800934,
    "accuracy": 0.9019607901573181
}